<?xml version="1.0" encoding="utf-8" ?>
<!DOCTYPE mapper
        PUBLIC "-//mybatis.org//DTD Mapper 3.0//EN"
        "http://mybatis.org/dtd/mybatis-3-mapper.dtd">
<mapper namespace="com.yuanjidong.shop.mapper.ProductMapper">

    <select id="checkExist" resultType="int">
        SELECT
            COUNT(*)
        FROM
            storage
        WHERE
            name=#{name} AND id=#{id}
    </select>

    <select id="getProductStatus" resultType="int">
        SELECT
            status
        FROM
            purchase
        WHERE
            id=#{id}
    </select>

    <select id="getStorageQuantity" resultType="int">
        SELECT
            quantity
        FROM
            storage
        WHERE
            id=#{id}
    </select>

    <insert id="addProduct">
        INSERT INTO
            product (storage_id, name, price, description, quantity, status)
        VALUES
            (#{storage_id}, #{name}, #{price}, #{description}, #{quantity}, #{status})
    </insert>

    <select id="checkPutProduct" resultType="int">
        SELECT
            status
        FROM
            product
        WHERE
            id=#{id}
    </select>

    <update id="setProductStatus">
        UPDATE
            product
        SET
            status=#{status}
        WHERE
            id=#{id}
    </update>

    <select id="getAllProduct" resultType="com.yuanjidong.shop.model.ProductModel">
        SELECT
            *
        FROM
            product
    </select>

    <select id="getAllPuttedProduct" resultType="com.yuanjidong.shop.model.ProductModel">
        SELECT
            *
        FROM
            product
        WHERE
            status=1
    </select>

    <delete id="deleteProduct">
        DELETE FROM
            product
        WHERE
            id=#{id}
    </delete>

    <select id="limitProducts" resultType="com.yuanjidong.shop.model.ProductModel">
        SELECT
            *
        FROM
            product
        ORDER BY
            id
        DESC LIMIT
            #{start}, #{num};
    </select>

    <update id="updateProduct">
        UPDATE product
        <set>
            <if test="name != null">name = #{name},</if>
            <if test="price != null">price = #{price},</if>
            <if test="description != null">description = #{description},</if>
            <if test="quantity != null">quantity = #{quantity},</if>
        </set>
        WHERE id = #{id}
    </update>

    <select id="getStorageQuantityByProductId" resultType="int">
        SELECT s.quantity
        FROM product p
                 JOIN storage s ON p.storage_id = s.id
        WHERE p.id = #{id}
    </select>

    <select id="getAllStorage" resultType="com.yuanjidong.shop.model.StorageModel">
        SELECT
            *
        FROM
            storage
    </select>

    <select id="searchProductByName" resultType="com.yuanjidong.shop.model.ProductModel">
        SELECT
            *
        FROM
            product
        WHERE
            name LIKE #{name}
    </select>

</mapper>