<?xml version="1.0" encoding="utf-8" ?>
<!DOCTYPE mapper
        PUBLIC "-//mybatis.org//DTD Mapper 3.0//EN"
        "http://mybatis.org/dtd/mybatis-3-mapper.dtd">
<mapper namespace="com.yuanjidong.shop.mapper.PurchaseMapper">
    <select id="allOrders" resultType="com.yuanjidong.shop.model.PurchaseModel">
        SELECT
            name, date, quantity, price, description, status
        FROM
            purchase
    </select>

    <select id="unitOrder" resultType="com.yuanjidong.shop.model.PurchaseModel" parameterType="int">
        SELECT
            id, name, date, quantity, price, description, status
        FROM
            purchase
        WHERE
            id=#{id}
    </select>

    <update id="modifyStatus">
        UPDATE purchase SET status=#{status} WHERE id=#{id}
    </update>

    <insert id="addOrder">
        INSERT INTO
            purchase(name, date, quantity, price, description, status)
        VALUES(#{name}, #{date}, #{quantity}, #{price}, #{description}, #{status})
    </insert>

    <select id="findPurchaseByName" resultType="com.yuanjidong.shop.model.PurchaseModel">
        SELECT
            *
        FROM
            purchase
        <where>
            <if test="name != null">
                name LIKE #{name}
            </if>
            <if test="start != null and end != null">
                AND date BETWEEN #{start} AND #{end}
            </if>
        </where>
    </select>
    
    <select id="getAllStorage" resultType="com.yuanjidong.shop.model.StorageModel">
        SELECT
            *
        FROM
            storage
    </select>

</mapper>