<?xml version="1.0" encoding="utf-8" ?>
<!DOCTYPE mapper
        PUBLIC "-//mybatis.org//DTD Mapper 3.0//EN"
        "http://mybatis.org/dtd/mybatis-3-mapper.dtd">
<mapper namespace="com.yuanjidong.shop.mapper.StorageMapper">
    <select id="allStorage" resultType="com.yuanjidong.shop.model.StorageModel">
        SELECT
            id, purchase_id, name, quantity, date, price, description
        FROM
            storage
    </select>

    <insert id="enterStorage" parameterType="com.yuanjidong.shop.model.PurchaseModel">
        INSERT INTO
            storage(purchase_id, name, date, quantity, price, description)
        VALUES 
            (#{id}, #{name}, #{date}, #{quantity}, #{price}, #{description})
    </insert>
    
    <update id="enterExistStorage">
        UPDATE
            storage
        SET
            purchase_id=#{id}, quantity=#{newQuantity}
        WHERE
            name=#{name}
    </update>

    <select id="checkDuplicateName" resultType="int" parameterType="String">
        SELECT COUNT(*)
        FROM storage
        WHERE name = #{name}
    </select>

    <select id="getQuantity" resultType="int">
        SELECT quantity
        FROM storage
        WHERE name = #{name}
            LIMIT 1
    </select>
    
</mapper>